{"kraj": "{\"CZ010\":1.2062734834,\"CZ020\":1.5636900387,\"CZ031\":1.6305566453,\"CZ032\":1.5595977216,\"CZ041\":1.6271156031,\"CZ042\":1.633221298,\"CZ051\":1.6170208058,\"CZ052\":1.6313344129,\"CZ053\":1.6633950469,\"CZ063\":1.7321906519,\"CZ064\":1.5460645259,\"CZ071\":1.6412403089,\"CZ072\":1.6651232387,\"CZ080\":1.63585905}", "okres": "{\"CZ0100\":1.2062734834,\"CZ0201\":1.6520071408,\"CZ0202\":1.5454020246,\"CZ0203\":1.5084823673,\"CZ0204\":1.5805772067,\"CZ0205\":1.6588002047,\"CZ0206\":1.5689332364,\"CZ0207\":1.5740575896,\"CZ0208\":1.5746719285,\"CZ0209\":1.5094967313,\"CZ020A\":1.4769326296,\"CZ020B\":1.6470539229,\"CZ020C\":1.64098977,\"CZ0311\":1.5220641603,\"CZ0312\":1.6968222278,\"CZ0313\":1.7176009726,\"CZ0314\":1.6578225997,\"CZ0315\":1.7167977336,\"CZ0316\":1.662774678,\"CZ0317\":1.6458505685,\"CZ0321\":1.6590227079,\"CZ0322\":1.6599609541,\"CZ0323\":1.4017925014,\"CZ0324\":1.6315326722,\"CZ0325\":1.6110027431,\"CZ0326\":1.5986109743,\"CZ0327\":1.6816118048,\"CZ0411\":1.6056909455,\"CZ0412\":1.5983288245,\"CZ0413\":1.6876079696,\"CZ0421\":1.6789510166,\"CZ0422\":1.6539667229,\"CZ0423\":1.6429272482,\"CZ0424\":1.6748767077,\"CZ0425\":1.6329005693,\"CZ0426\":1.5748588663,\"CZ0427\":1.5856987683,\"CZ0511\":1.6790513834,\"CZ0512\":1.5989800027,\"CZ0513\":1.5605697753,\"CZ0514\":1.6901923598,\"CZ0521\":1.5364473363,\"CZ0522\":1.6820531758,\"CZ0523\":1.6836326897,\"CZ0524\":1.6821970639,\"CZ0525\":1.6521011917,\"CZ0531\":1.7042253521,\"CZ0532\":1.5350074514,\"CZ0533\":1.7396724575,\"CZ0534\":1.7398707634,\"CZ0631\":1.7398835071,\"CZ0632\":1.6710269002,\"CZ0633\":1.7010621135,\"CZ0634\":1.7423511531,\"CZ0635\":1.7945176815,\"CZ0641\":1.6833975973,\"CZ0642\":1.2951053948,\"CZ0643\":1.6070711565,\"CZ0644\":1.6825810487,\"CZ0645\":1.7254821177,\"CZ0646\":1.6659891778,\"CZ0647\":1.7294347061,\"CZ0711\":1.7584995692,\"CZ0712\":1.5537046419,\"CZ0713\":1.6535044861,\"CZ0714\":1.6800097678,\"CZ0715\":1.731155932,\"CZ0721\":1.6750051543,\"CZ0722\":1.6806541928,\"CZ0723\":1.6960791034,\"CZ0724\":1.625782744,\"CZ0801\":1.7606356968,\"CZ0802\":1.6694362892,\"CZ0803\":1.6422476157,\"CZ0804\":1.712571531,\"CZ0805\":1.6736327804,\"CZ0806\":1.519908836}"}