{"kraj": {"CZ010": {"pr\u016fm\u011br": 1.2062734834}, "CZ020": {"pr\u016fm\u011br": 1.5636900387}, "CZ031": {"pr\u016fm\u011br": 1.6305566453}, "CZ032": {"pr\u016fm\u011br": 1.5595977216}, "CZ041": {"pr\u016fm\u011br": 1.6271156031}, "CZ042": {"pr\u016fm\u011br": 1.633221298}, "CZ051": {"pr\u016fm\u011br": 1.6170208058}, "CZ052": {"pr\u016fm\u011br": 1.6313344129}, "CZ053": {"pr\u016fm\u011br": 1.6633950469}, "CZ063": {"pr\u016fm\u011br": 1.7321906519}, "CZ064": {"pr\u016fm\u011br": 1.5460645259}, "CZ071": {"pr\u016fm\u011br": 1.6412403089}, "CZ072": {"pr\u016fm\u011br": 1.6651232387}, "CZ080": {"pr\u016fm\u011br": 1.63585905}}, "okres": {"CZ0100": {"pr\u016fm\u011br": 1.2062734834}, "CZ0201": {"pr\u016fm\u011br": 1.6520071408}, "CZ0202": {"pr\u016fm\u011br": 1.5454020246}, "CZ0203": {"pr\u016fm\u011br": 1.5084823673}, "CZ0204": {"pr\u016fm\u011br": 1.5805772067}, "CZ0205": {"pr\u016fm\u011br": 1.6588002047}, "CZ0206": {"pr\u016fm\u011br": 1.5689332364}, "CZ0207": {"pr\u016fm\u011br": 1.5740575896}, "CZ0208": {"pr\u016fm\u011br": 1.5746719285}, "CZ0209": {"pr\u016fm\u011br": 1.5094967313}, "CZ020A": {"pr\u016fm\u011br": 1.4769326296}, "CZ020B": {"pr\u016fm\u011br": 1.6470539229}, "CZ020C": {"pr\u016fm\u011br": 1.64098977}, "CZ0311": {"pr\u016fm\u011br": 1.5220641603}, "CZ0312": {"pr\u016fm\u011br": 1.6968222278}, "CZ0313": {"pr\u016fm\u011br": 1.7176009726}, "CZ0314": {"pr\u016fm\u011br": 1.6578225997}, "CZ0315": {"pr\u016fm\u011br": 1.7167977336}, "CZ0316": {"pr\u016fm\u011br": 1.662774678}, "CZ0317": {"pr\u016fm\u011br": 1.6458505685}, "CZ0321": {"pr\u016fm\u011br": 1.6590227079}, "CZ0322": {"pr\u016fm\u011br": 1.6599609541}, "CZ0323": {"pr\u016fm\u011br": 1.4017925014}, "CZ0324": {"pr\u016fm\u011br": 1.6315326722}, "CZ0325": {"pr\u016fm\u011br": 1.6110027431}, "CZ0326": {"pr\u016fm\u011br": 1.5986109743}, "CZ0327": {"pr\u016fm\u011br": 1.6816118048}, "CZ0411": {"pr\u016fm\u011br": 1.6056909455}, "CZ0412": {"pr\u016fm\u011br": 1.5983288245}, "CZ0413": {"pr\u016fm\u011br": 1.6876079696}, "CZ0421": {"pr\u016fm\u011br": 1.6789510166}, "CZ0422": {"pr\u016fm\u011br": 1.6539667229}, "CZ0423": {"pr\u016fm\u011br": 1.6429272482}, "CZ0424": {"pr\u016fm\u011br": 1.6748767077}, "CZ0425": {"pr\u016fm\u011br": 1.6329005693}, "CZ0426": {"pr\u016fm\u011br": 1.5748588663}, "CZ0427": {"pr\u016fm\u011br": 1.5856987683}, "CZ0511": {"pr\u016fm\u011br": 1.6790513834}, "CZ0512": {"pr\u016fm\u011br": 1.5989800027}, "CZ0513": {"pr\u016fm\u011br": 1.5605697753}, "CZ0514": {"pr\u016fm\u011br": 1.6901923598}, "CZ0521": {"pr\u016fm\u011br": 1.5364473363}, "CZ0522": {"pr\u016fm\u011br": 1.6820531758}, "CZ0523": {"pr\u016fm\u011br": 1.6836326897}, "CZ0524": {"pr\u016fm\u011br": 1.6821970639}, "CZ0525": {"pr\u016fm\u011br": 1.6521011917}, "CZ0531": {"pr\u016fm\u011br": 1.7042253521}, "CZ0532": {"pr\u016fm\u011br": 1.5350074514}, "CZ0533": {"pr\u016fm\u011br": 1.7396724575}, "CZ0534": {"pr\u016fm\u011br": 1.7398707634}, "CZ0631": {"pr\u016fm\u011br": 1.7398835071}, "CZ0632": {"pr\u016fm\u011br": 1.6710269002}, "CZ0633": {"pr\u016fm\u011br": 1.7010621135}, "CZ0634": {"pr\u016fm\u011br": 1.7423511531}, "CZ0635": {"pr\u016fm\u011br": 1.7945176815}, "CZ0641": {"pr\u016fm\u011br": 1.6833975973}, "CZ0642": {"pr\u016fm\u011br": 1.2951053948}, "CZ0643": {"pr\u016fm\u011br": 1.6070711565}, "CZ0644": {"pr\u016fm\u011br": 1.6825810487}, "CZ0645": {"pr\u016fm\u011br": 1.7254821177}, "CZ0646": {"pr\u016fm\u011br": 1.6659891778}, "CZ0647": {"pr\u016fm\u011br": 1.7294347061}, "CZ0711": {"pr\u016fm\u011br": 1.7584995692}, "CZ0712": {"pr\u016fm\u011br": 1.5537046419}, "CZ0713": {"pr\u016fm\u011br": 1.6535044861}, "CZ0714": {"pr\u016fm\u011br": 1.6800097678}, "CZ0715": {"pr\u016fm\u011br": 1.731155932}, "CZ0721": {"pr\u016fm\u011br": 1.6750051543}, "CZ0722": {"pr\u016fm\u011br": 1.6806541928}, "CZ0723": {"pr\u016fm\u011br": 1.6960791034}, "CZ0724": {"pr\u016fm\u011br": 1.625782744}, "CZ0801": {"pr\u016fm\u011br": 1.7606356968}, "CZ0802": {"pr\u016fm\u011br": 1.6694362892}, "CZ0803": {"pr\u016fm\u011br": 1.6422476157}, "CZ0804": {"pr\u016fm\u011br": 1.712571531}, "CZ0805": {"pr\u016fm\u011br": 1.6736327804}, "CZ0806": {"pr\u016fm\u011br": 1.519908836}}}